{
  "port": "COM3",
  "baud": 115200,
  "tested_at": "2026-07-16",
  "case_matches": "8/8",
  "score_values_compared": 64,
  "maximum_absolute_error": 0.03125,
  "absolute_tolerance": 0.035,
  "relative_tolerance": 0.05,
  "results": [
    {
      "case": 0,
      "class": 0,
      "outputs": [
        1.0,
        0.029296875,
        -0.0498046875,
        0.054931640625,
        -0.032470703125,
        0.0087890625,
        -0.052734375,
        0.0302734375
      ],
      "golden": [
        1.03125,
        0.026123046875,
        -0.05908203125,
        0.050048828125,
        -0.0247802734375,
        -0.0026397705078125,
        -0.0546875,
        0.032958984375
      ],
      "errors": [
        0.03125,
        0.003173828125,
        0.00927734375,
        0.0048828125,
        0.0076904296875,
        0.0114288330078125,
        0.001953125,
        0.002685546875
      ],
      "max_error": 0.03125,
      "class_match": true,
      "pass_005": true
    },
    {
      "case": 1,
      "class": 1,
      "outputs": [
        -0.0283203125,
        0.984375,
        0.00927734375,
        -0.02880859375,
        -0.01275634765625,
        -0.03076171875,
        0.041015625,
        0.037109375
      ],
      "golden": [
        -0.0242919921875,
        0.99609375,
        0.006866455078125,
        -0.037841796875,
        0.006072998046875,
        -0.03125,
        0.040283203125,
        0.033935546875
      ],
      "errors": [
        0.0040283203125,
        0.01171875,
        0.002410888671875,
        0.009033203125,
        0.018829345703125,
        0.00048828125,
        0.000732421875,
        0.003173828125
      ],
      "max_error": 0.018829345703125,
      "class_match": true,
      "pass_005": true
    },
    {
      "case": 2,
      "class": 2,
      "outputs": [
        0.01123046875,
        -0.005859375,
        0.99609375,
        -0.00830078125,
        0.0284423828125,
        -0.01123046875,
        0.01171875,
        -0.0087890625
      ],
      "golden": [
        0.0150146484375,
        -0.012451171875,
        1.0078125,
        -0.0115966796875,
        0.028564453125,
        -0.01275634765625,
        0.0025177001953125,
        -0.0223388671875
      ],
      "errors": [
        0.0037841796875,
        0.006591796875,
        0.01171875,
        0.0032958984375,
        0.0001220703125,
        0.00152587890625,
        0.0092010498046875,
        0.0135498046875
      ],
      "max_error": 0.0135498046875,
      "class_match": true,
      "pass_005": true
    },
    {
      "case": 3,
      "class": 3,
      "outputs": [
        -0.01904296875,
        -0.0185546875,
        -0.01025390625,
        0.94140625,
        -0.00439453125,
        0.00830078125,
        0.0390625,
        0.0498046875
      ],
      "golden": [
        -0.01239013671875,
        -0.0213623046875,
        -0.0166015625,
        0.9609375,
        -0.0034332275390625,
        -0.00029754638671875,
        0.0341796875,
        0.048828125
      ],
      "errors": [
        0.00665283203125,
        0.0028076171875,
        0.00634765625,
        0.01953125,
        0.0009613037109375,
        0.00859832763671875,
        0.0048828125,
        0.0009765625
      ],
      "max_error": 0.01953125,
      "class_match": true,
      "pass_005": true
    },
    {
      "case": 4,
      "class": 4,
      "outputs": [
        0.015625,
        0.017578125,
        -0.048828125,
        -0.00634765625,
        1.0,
        0.00732421875,
        -0.0078125,
        0.01171875
      ],
      "golden": [
        0.014404296875,
        0.006317138671875,
        -0.04931640625,
        -0.014892578125,
        1.0234375,
        6.914138793945312e-05,
        -0.00830078125,
        0.0174560546875
      ],
      "errors": [
        0.001220703125,
        0.011260986328125,
        0.00048828125,
        0.008544921875,
        0.0234375,
        0.007255077362060547,
        0.00048828125,
        0.0057373046875
      ],
      "max_error": 0.0234375,
      "class_match": true,
      "pass_005": true
    },
    {
      "case": 5,
      "class": 5,
      "outputs": [
        0.056640625,
        -0.06640625,
        -0.04296875,
        -0.0302734375,
        0.019287109375,
        0.9765625,
        0.02734375,
        0.0322265625
      ],
      "golden": [
        0.059326171875,
        -0.07568359375,
        -0.04931640625,
        -0.016357421875,
        0.0205078125,
        0.98046875,
        0.033447265625,
        0.037109375
      ],
      "errors": [
        0.002685546875,
        0.00927734375,
        0.00634765625,
        0.013916015625,
        0.001220703125,
        0.00390625,
        0.006103515625,
        0.0048828125
      ],
      "max_error": 0.013916015625,
      "class_match": true,
      "pass_005": true
    },
    {
      "case": 6,
      "class": 6,
      "outputs": [
        0.03125,
        0.0078125,
        -0.02099609375,
        0.001953125,
        -0.013671875,
        0.00341796875,
        0.97265625,
        0.001953125
      ],
      "golden": [
        0.02392578125,
        -0.00531005859375,
        -0.0228271484375,
        0.00193023681640625,
        -0.01422119140625,
        0.00628662109375,
        1.0,
        0.0013275146484375
      ],
      "errors": [
        0.00732421875,
        0.01312255859375,
        0.0018310546875,
        2.288818359375e-05,
        0.00054931640625,
        0.00286865234375,
        0.02734375,
        0.0006256103515625
      ],
      "max_error": 0.02734375,
      "class_match": true,
      "pass_005": true
    },
    {
      "case": 7,
      "class": 7,
      "outputs": [
        -0.01416015625,
        0.015625,
        0.01806640625,
        0.00537109375,
        -0.0400390625,
        0.01708984375,
        -0.017578125,
        0.96875
      ],
      "golden": [
        -0.01123046875,
        0.0106201171875,
        0.0230712890625,
        9.822845458984375e-05,
        -0.033447265625,
        0.0179443359375,
        -0.01300048828125,
        0.99609375
      ],
      "errors": [
        0.0029296875,
        0.0050048828125,
        0.0050048828125,
        0.005272865295410156,
        0.006591796875,
        0.0008544921875,
        0.00457763671875,
        0.02734375
      ],
      "max_error": 0.02734375,
      "class_match": true,
      "pass_005": true
    }
  ]
}
